name,MDVP:Fo(Hz),MDVP:Fhi(Hz),MDVP:Flo(Hz),MDVP:Jitter(%),MDVP:Jitter(Abs),MDVP:RAP,MDVP:PPQ,Jitter:DDP,MDVP:Shimmer,MDVP:Shimmer(dB),Shimmer:APQ3,Shimmer:APQ5,MDVP:APQ,Shimmer:DDA,NHR,HNR,RPDE,DFA,spread1,spread2,D2,PPE,status
voice1,119.992,157.302,74.997,0.00784,0.00007,0.00370,0.00504,0.01050,0.04374,0.426,0.02182,0.03070,0.02971,0.06516,0.02211,21.033,0.414783,0.815285,2.113,0.266482,0
voice2,122.400,148.650,113.819,0.00968,0.00009,0.00401,0.00540,0.01284,0.04534,0.426,0.02309,0.03340,0.03194,0.08135,0.01953,19.959,0.387338,0.825623,2.091,0.285568,0
voice3,116.682,151.516,92.648,0.00502,0.00005,0.00262,0.00362,0.00658,0.02741,0.192,0.01356,0.01883,0.01781,0.03954,0.02277,20.500,0.377998,0.818160,2.156,0.236636,0
voice4,116.676,151.386,92.250,0.00508,0.00005,0.00264,0.00365,0.00668,0.02763,0.193,0.01360,0.01896,0.01793,0.03977,0.02257,20.567,0.370682,0.818724,2.164,0.236282,0
voice5,120.812,157.173,84.197,0.00734,0.00007,0.00349,0.00477,0.00942,0.03880,0.330,0.02021,0.02729,0.02626,0.06105,0.01867,21.622,0.411949,0.829658,2.093,0.265087,0
